{
  "br": {
    "wins": 15,
    "kills": 4303,
    "kdRatio": 1.407128842380641,
    "downs": 3312,
    "topTwentyFive": 484,
    "topTen": 135,
    "contracts": 1296,
    "revives": 257,
    "topFive": 54,
    "score": 4666535,
    "timePlayed": 945435,
    "gamesPlayed": 1020,
    "tokens": 0,
    "scorePerMinute": 296.15161274968665,
    "cash": 0,
    "deaths": 3058,
    "title": "br"
  },
  "br_dmz": {
    "wins": 3,
    "kills": 408,
    "kdRatio": 1.275,
    "downs": 438,
    "topTwentyFive": 3,
    "topTen": 3,
    "contracts": 97,
    "revives": 18,
    "topFive": 3,
    "score": 192346,
    "timePlayed": 52591,
    "gamesPlayed": 33,
    "tokens": 0,
    "scorePerMinute": 219.44363103953148,
    "cash": 3090,
    "deaths": 320,
    "title": "br_dmz"
  },
  "br_all": {
    "wins": 18,
    "kills": 4711,
    "kdRatio": 1.3946121965660154,
    "downs": 3750,
    "topTwentyFive": 487,
    "topTen": 138,
    "contracts": 1393,
    "revives": 275,
    "topFive": 57,
    "score": 4858881,
    "timePlayed": 998026,
    "gamesPlayed": 1053,
    "tokens": 0,
    "scorePerMinute": 292.1094841216562,
    "cash": 3090,
    "deaths": 3378,
    "title": "br_all"
  }
}
